"","Area code","Township","SevMale","SevFemale","SevTotal","AttSvMale","AttSvFemale","AttSvTotal","pcAttSvMale","pcAttSvFemale","pcAttSvTotal"
"1","AREA # 010101","Myitkyina",73,53,126,16,9,25,21.9178082191781,16.9811320754717,19.8412698412698
"2","AREA # 010102","Waingmaw",44,34,78,16,19,35,36.3636363636364,55.8823529411765,44.8717948717949
"3","AREA # 010103","Ingyanyan",NA,NA,NA,NA,NA,NA,NA,NA,NA
"4","AREA # 010104","Tanaing",11,13,24,4,3,7,36.3636363636364,23.0769230769231,29.1666666666667
"5","AREA # 010105","Chiphwe",6,5,11,2,NA,2,33.3333333333333,NA,18.1818181818182
"6","AREA # 010106","Hsotlaw",7,NA,7,1,NA,1,14.2857142857143,NA,14.2857142857143
"7","AREA # 010151","Hsinbo(ST)",4,3,7,NA,NA,NA,NA,NA,NA
"8","AREA # 010152","Hsadone(ST)",3,2,5,1,1,2,33.3333333333333,50,40
"9","AREA # 010153","Kanpaikti(ST)",3,2,5,NA,1,1,NA,50,20
"10","AREA # 010154","Shinbwayyan(ST)",2,NA,2,1,NA,1,50,NA,50
"11","AREA # 010155","Panwa(ST)",NA,2,2,NA,NA,NA,NA,NA,NA
"12","AREA # 010201","Mohnyin",23,25,48,5,5,10,21.7391304347826,20,20.8333333333333
"13","AREA # 010202","Mogaung",23,15,38,6,8,14,26.0869565217391,53.3333333333333,36.8421052631579
"14","AREA # 010203","Phakant",31,35,66,10,8,18,32.258064516129,22.8571428571429,27.2727272727273
"15","AREA # 010251","Hopin(ST)",11,6,17,1,5,6,9.09090909090909,83.3333333333333,35.2941176470588
"16","AREA # 010252","Kamine(ST)",1,4,5,NA,NA,NA,NA,NA,NA
"17","AREA # 010301","Bhamo",44,32,76,13,10,23,29.5454545454545,31.25,30.2631578947368
"18","AREA # 010302","Shwegu",27,17,44,10,3,13,37.037037037037,17.6470588235294,29.5454545454545
"19","AREA # 010303","Momauk",8,9,17,2,NA,2,25,NA,11.7647058823529
"20","AREA # 010304","Mansi",19,16,35,10,3,13,52.6315789473684,18.75,37.1428571428571
"21","AREA # 010351","Myohla(ST)",1,NA,1,NA,NA,NA,NA,NA,NA
"22","AREA # 010352","Lwe`ge`(ST)",1,4,5,NA,NA,NA,NA,NA,NA
"23","AREA # 010353","Dotphoneyan(ST)",5,3,8,2,NA,2,40,NA,25
"24","AREA # 010401","Putao",25,20,45,18,9,27,72,45,60
"25","AREA # 010402","Sumprabum",NA,NA,NA,NA,NA,NA,NA,NA,NA
"26","AREA # 010403","Machanbaw",7,3,10,2,1,3,28.5714285714286,33.3333333333333,30
"27","AREA # 010404","Khaunglanphoo",NA,NA,NA,NA,NA,NA,NA,NA,NA
"28","AREA # 010405","Naungmoon",2,NA,2,1,NA,1,50,NA,50
"29","AREA # 010451","Pannandin(ST)",2,NA,2,NA,NA,NA,NA,NA,NA
"30","AREA # 020101","Loikaw",35,25,60,12,13,25,34.2857142857143,52,41.6666666666667
"31","AREA # 020102","Dimawso",11,24,35,5,9,14,45.4545454545455,37.5,40
"32","AREA # 020103","Phruso",8,10,18,2,3,5,25,30,27.7777777777778
"33","AREA # 020104","Shardaw",5,NA,5,2,NA,2,40,NA,40
"34","AREA # 020201","Bawlakhe",4,1,5,NA,NA,NA,NA,NA,NA
"35","AREA # 020202","Parsaung",3,3,6,NA,2,2,NA,66.6666666666667,33.3333333333333
"36","AREA # 020203","Meisi",4,3,7,NA,NA,NA,NA,NA,NA
"37","AREA # 020251","Ywathit(ST)",NA,1,1,NA,NA,NA,NA,NA,NA
"38","AREA # 030101","Hpa-an",120,114,234,35,36,71,29.1666666666667,31.5789473684211,30.3418803418803
"39","AREA # 030102","Hlaingbwe",41,38,79,14,13,27,34.1463414634146,34.2105263157895,34.1772151898734
"40","AREA # 030103","Thandaunggyi",6,6,12,2,1,3,33.3333333333333,16.6666666666667,25
"41","AREA # 030151","Paingkyon(ST)",37,31,68,10,14,24,27.027027027027,45.1612903225806,35.2941176470588
"42","AREA # 030152","Shan Ywathit(ST)",9,1,10,1,NA,1,11.1111111111111,NA,10
"43","AREA # 030153","Leiktho(ST)",42,22,64,25,13,38,59.5238095238095,59.0909090909091,59.375
"44","AREA # 030154","Bawgali(ST)",5,5,10,3,1,4,60,20,40
"45","AREA # 030201","Pharpon",9,3,12,5,1,6,55.5555555555556,33.3333333333333,50
"46","AREA # 030251","Kamamaung(ST}",13,9,22,6,3,9,46.1538461538462,33.3333333333333,40.9090909090909
"47","AREA # 030301","Myawady",41,31,72,12,3,15,29.2682926829268,9.67741935483871,20.8333333333333
"48","AREA # 030351","Sugali(ST)",3,3,6,1,NA,1,33.3333333333333,NA,16.6666666666667
"49","AREA # 030352","Wawlaymyaing(ST)",2,3,5,1,1,2,50,33.3333333333333,40
"50","AREA # 030401","Kawkareik",79,69,148,22,23,45,27.8481012658228,33.3333333333333,30.4054054054054
"51","AREA # 030402","Kyarinseikkyi",42,42,84,12,8,20,28.5714285714286,19.047619047619,23.8095238095238
"52","AREA # 030451","Payarthonezu(ST)",58,33,91,21,13,34,36.2068965517241,39.3939393939394,37.3626373626374
"53","AREA # 030452","Kyaidon(ST)",29,18,47,6,4,10,20.6896551724138,22.2222222222222,21.2765957446809
"54","AREA # 040101","HaKa",9,16,25,3,5,8,33.3333333333333,31.25,32
"55","AREA # 040102","Thantlang",17,21,38,8,7,15,47.0588235294118,33.3333333333333,39.4736842105263
"56","AREA # 040201","Falam",27,16,43,18,6,24,66.6666666666667,37.5,55.8139534883721
"57","AREA # 040202","Tedim",23,22,45,10,6,16,43.4782608695652,27.2727272727273,35.5555555555556
"58","AREA # 040203","Tonzaung",14,11,25,10,6,16,71.4285714285714,54.5454545454545,64
"59","AREA # 040251","Rihkhuadal(ST)",NA,NA,NA,NA,NA,NA,NA,NA,NA
"60","AREA # 040252","Cikha(ST)",5,6,11,3,5,8,60,83.3333333333333,72.7272727272727
"61","AREA # 040301","Mindat",22,13,35,6,5,11,27.2727272727273,38.4615384615385,31.4285714285714
"62","AREA # 040302","Matupi",31,37,68,16,22,38,51.6129032258064,59.4594594594595,55.8823529411765
"63","AREA # 040303","Kanpalet",15,12,27,6,4,10,40,33.3333333333333,37.037037037037
"64","AREA # 040304","Paletwat",34,42,76,15,22,37,44.1176470588235,52.3809523809524,48.6842105263158
"65","AREA # 040351","Reazu(ST)",33,28,61,21,17,38,63.6363636363636,60.7142857142857,62.2950819672131
"66","AREA # 040352","Sami(ST)",13,13,26,1,4,5,7.69230769230769,30.7692307692308,19.2307692307692
"67","AREA # 050101","Sagaing",45,62,107,11,20,31,24.4444444444444,32.258064516129,28.9719626168224
"68","AREA # 050102","Myinmu",17,22,39,3,2,5,17.6470588235294,9.09090909090909,12.8205128205128
"69","AREA # 050103","Myaung",20,11,31,2,3,5,10,27.2727272727273,16.1290322580645
"70","AREA # 050201","Shwebo",44,42,86,7,9,16,15.9090909090909,21.4285714285714,18.6046511627907
"71","AREA # 050202","Khin U",28,15,43,8,5,13,28.5714285714286,33.3333333333333,30.2325581395349
"72","AREA # 050203","Wetlet",30,19,49,4,2,6,13.3333333333333,10.5263157894737,12.2448979591837
"73","AREA # 050204","Kambalu",66,56,122,30,15,45,45.4545454545455,26.7857142857143,36.8852459016393
"74","AREA # 050205","Kyunhlau",23,14,37,7,3,10,30.4347826086957,21.4285714285714,27.027027027027
"75","AREA # 050206","Ye U",33,25,58,9,8,17,27.2727272727273,32,29.3103448275862
"76","AREA # 050207","Depayin",36,26,62,5,3,8,13.8888888888889,11.5384615384615,12.9032258064516
"77","AREA # 050208","Tasei",49,37,86,21,13,34,42.8571428571429,35.1351351351351,39.5348837209302
"78","AREA # 050251","Kyaukmyaung(ST)",8,2,10,3,1,4,37.5,50,40
"79","AREA # 050301","Monywa",91,49,140,19,14,33,20.8791208791209,28.5714285714286,23.5714285714286
"80","AREA # 050302","Butalin",33,24,57,6,6,12,18.1818181818182,25,21.0526315789474
"81","AREA # 050303","Ayartaw",32,28,60,8,11,19,25,39.2857142857143,31.6666666666667
"82","AREA # 050304","Chaung Oo",24,16,40,9,6,15,37.5,37.5,37.5
"83","AREA # 050401","Katha",33,25,58,12,6,18,36.3636363636364,24,31.0344827586207
"84","AREA # 050402","Indaw",24,21,45,8,4,12,33.3333333333333,19.047619047619,26.6666666666667
"85","AREA # 050403","Tigyaing",22,26,48,4,12,16,18.1818181818182,46.1538461538462,33.3333333333333
"86","AREA # 050404","Banmauk",28,32,60,9,6,15,32.1428571428571,18.75,25
"87","AREA # 050405","Kawlin",38,21,59,12,5,17,31.5789473684211,23.8095238095238,28.8135593220339
"88","AREA # 050406","Wuntho",18,14,32,11,2,13,61.1111111111111,14.2857142857143,40.625
"89","AREA # 050407","Pinlebu",36,30,66,14,12,26,38.8888888888889,40,39.3939393939394
"90","AREA # 050501","Kalay",82,65,147,26,18,44,31.7073170731707,27.6923076923077,29.9319727891156
"91","AREA # 050502","Kalewa",19,7,26,7,1,8,36.8421052631579,14.2857142857143,30.7692307692308
"92","AREA # 050503","Mingin",16,17,33,8,4,12,50,23.5294117647059,36.3636363636364
"93","AREA # 050601","Tamu",13,9,22,3,NA,3,23.0769230769231,NA,13.6363636363636
"94","AREA # 050651","Myothit(ST)",7,6,13,4,2,6,57.1428571428571,33.3333333333333,46.1538461538462
"95","AREA # 050652","Khampat(ST)",6,7,13,2,2,4,33.3333333333333,28.5714285714286,30.7692307692308
"96","AREA # 050701","Mawlaik",14,18,32,6,6,12,42.8571428571429,33.3333333333333,37.5
"97","AREA # 050702","Phaungpyin",27,21,48,14,10,24,51.8518518518519,47.6190476190476,50
"98","AREA # 050801","Hkamti",13,5,18,6,1,7,46.1538461538462,20,38.8888888888889
"99","AREA # 050802","Homalin",61,38,99,18,13,31,29.5081967213115,34.2105263157895,31.3131313131313
"100","AREA # 050803","Leshi",7,5,12,3,1,4,42.8571428571429,20,33.3333333333333
"101","AREA # 050804","Lahe",7,11,18,2,4,6,28.5714285714286,36.3636363636364,33.3333333333333
"102","AREA # 050805","Nanyun",NA,NA,NA,NA,NA,NA,NA,NA,NA
"103","AREA # 050851","Mobaingluk(ST)",NA,NA,NA,NA,NA,NA,NA,NA,NA
"104","AREA # 050852","Sonemara(ST)",2,NA,2,NA,NA,NA,NA,NA,NA
"105","AREA # 050853","Htanparkway(ST)",NA,NA,NA,NA,NA,NA,NA,NA,NA
"106","AREA # 050854","Pansaung(ST)",8,5,13,4,2,6,50,40,46.1538461538462
"107","AREA # 050855","Donhee(ST)",NA,4,4,NA,NA,NA,NA,NA,NA
"108","AREA # 050901","Yinmarpin",33,40,73,7,14,21,21.2121212121212,35,28.7671232876712
"109","AREA # 050902","Salingyi",23,23,46,8,7,15,34.7826086956522,30.4347826086957,32.6086956521739
"110","AREA # 050903","Palae",29,28,57,10,9,19,34.4827586206897,32.1428571428571,33.3333333333333
"111","AREA # 050904","Kani",41,38,79,17,12,29,41.4634146341463,31.5789473684211,36.7088607594937
"112","AREA # 060101","Dawei",29,28,57,8,10,18,27.5862068965517,35.7142857142857,31.5789473684211
"113","AREA # 060102","Lounglon",33,29,62,9,14,23,27.2727272727273,48.2758620689655,37.0967741935484
"114","AREA # 060103","Thayetchaung",50,40,90,21,13,34,42,32.5,37.7777777777778
"115","AREA # 060104","Yebyu",22,32,54,6,15,21,27.2727272727273,46.875,38.8888888888889
"116","AREA # 060151","Myitta(ST)",12,12,24,6,7,13,50,58.3333333333333,54.1666666666667
"117","AREA # 060152","Kaleinaung(ST)",3,1,4,NA,1,1,NA,100,25
"118","AREA # 060201","Myeik",77,69,146,23,19,42,29.8701298701299,27.536231884058,28.7671232876712
"119","AREA # 060202","Kyunsu",61,61,122,23,32,55,37.7049180327869,52.4590163934426,45.0819672131148
"120","AREA # 060203","Palaw",47,35,82,19,15,34,40.4255319148936,42.8571428571429,41.4634146341463
"121","AREA # 060204","Tanintharyi",72,49,121,29,17,46,40.2777777777778,34.6938775510204,38.0165289256198
"122","AREA # 060251","Palauk(ST)",22,18,40,12,5,17,54.5454545454545,27.7777777777778,42.5
"123","AREA # 060301","Kawthoung",25,17,42,5,6,11,20,35.2941176470588,26.1904761904762
"124","AREA # 060302","Bokepyin",10,18,28,3,4,7,30,22.2222222222222,25
"125","AREA # 060351","Khamaukgyi",6,6,12,1,NA,1,16.6666666666667,NA,8.33333333333333
"126","AREA # 060352","Pyigyimandaing",7,8,15,3,1,4,42.8571428571429,12.5,26.6666666666667
"127","AREA # 060353","Karathuri(ST)",4,9,13,3,4,7,75,44.4444444444444,53.8461538461538
"128","AREA # 070101","Bago",111,99,210,23,18,41,20.7207207207207,18.1818181818182,19.5238095238095
"129","AREA # 070102","Tanatpin",42,22,64,10,5,15,23.8095238095238,22.7272727272727,23.4375
"130","AREA # 070103","Kawa",58,42,100,17,14,31,29.3103448275862,33.3333333333333,31
"131","AREA # 070104","Waw",58,43,101,13,13,26,22.4137931034483,30.2325581395349,25.7425742574257
"132","AREA # 070105","Nyaunglebin",42,55,97,5,11,16,11.9047619047619,20,16.4948453608247
"133","AREA # 070106","Kyauktaga",57,48,105,14,9,23,24.5614035087719,18.75,21.9047619047619
"134","AREA # 070107","Daik U",31,45,76,3,10,13,9.67741935483871,22.2222222222222,17.1052631578947
"135","AREA # 070108","Shwegyin",45,26,71,17,9,26,37.7777777777778,34.6153846153846,36.6197183098592
"136","AREA # 070201","Toungoo",64,53,117,12,10,22,18.75,18.8679245283019,18.8034188034188
"137","AREA # 070202","Yaedashe",64,55,119,19,17,36,29.6875,30.9090909090909,30.2521008403361
"138","AREA # 070203","Kyaukkyi",45,41,86,13,15,28,28.8888888888889,36.5853658536585,32.5581395348837
"139","AREA # 070204","Pyu",75,62,137,26,12,38,34.6666666666667,19.3548387096774,27.7372262773723
"140","AREA # 070205","Oatwin",65,41,106,19,9,28,29.2307692307692,21.9512195121951,26.4150943396226
"141","AREA # 070206","Htantapin",40,36,76,10,11,21,25,30.5555555555556,27.6315789473684
"142","AREA # 070301","Pyay",44,38,82,13,5,18,29.5454545454545,13.1578947368421,21.9512195121951
"143","AREA # 070302","Paukkhaung",36,26,62,8,7,15,22.2222222222222,26.9230769230769,24.1935483870968
"144","AREA # 070303","Padaung",24,16,40,7,3,10,29.1666666666667,18.75,25
"145","AREA # 070304","Paunde",25,23,48,8,3,11,32,13.0434782608696,22.9166666666667
"146","AREA # 070305","Thegon",40,24,64,8,4,12,20,16.6666666666667,18.75
"147","AREA # 070306","Shwedaung",26,16,42,11,6,17,42.3076923076923,37.5,40.4761904761905
"148","AREA # 070401","Tharyarwaddy",49,40,89,18,11,29,36.734693877551,27.5,32.5842696629214
"149","AREA # 070402","Letpadan",40,51,91,18,15,33,45,29.4117647058824,36.2637362637363
"150","AREA # 070403","Minhla",33,19,52,10,8,18,30.3030303030303,42.1052631578947,34.6153846153846
"151","AREA # 070404","Okpo",38,32,70,12,10,22,31.5789473684211,31.25,31.4285714285714
"152","AREA # 070405","Zigon",15,12,27,4,3,7,26.6666666666667,25,25.9259259259259
"153","AREA # 070406","Nattalin",24,20,44,6,5,11,25,25,25
"154","AREA # 070407","Monyo",24,25,49,11,9,20,45.8333333333333,36,40.8163265306122
"155","AREA # 070408","Gyobingauk",24,22,46,11,9,20,45.8333333333333,40.9090909090909,43.4782608695652
"156","AREA # 080101","Magway",72,55,127,16,11,27,22.2222222222222,20,21.259842519685
"157","AREA # 080102","Yenangyoung",22,32,54,6,9,15,27.2727272727273,28.125,27.7777777777778
"158","AREA # 080103","Chauk",43,30,73,15,10,25,34.8837209302326,33.3333333333333,34.2465753424658
"159","AREA # 080104","Taungdwingyi",62,56,118,8,12,20,12.9032258064516,21.4285714285714,16.9491525423729
"160","AREA # 080105","Myothit",43,37,80,12,7,19,27.906976744186,18.9189189189189,23.75
"161","AREA # 080106","Natmauk",48,52,100,15,14,29,31.25,26.9230769230769,29
"162","AREA # 080201","Minbu",37,49,86,9,13,22,24.3243243243243,26.530612244898,25.5813953488372
"163","AREA # 080202","Pwint Phyu",54,38,92,13,4,17,24.0740740740741,10.5263157894737,18.4782608695652
"164","AREA # 080203","Ngape",18,11,29,6,1,7,33.3333333333333,9.09090909090909,24.1379310344828
"165","AREA # 080204","Salin",56,39,95,22,18,40,39.2857142857143,46.1538461538462,42.1052631578947
"166","AREA # 080205","Saytottara",4,12,16,1,4,5,25,33.3333333333333,31.25
"167","AREA # 080301","Thayet",23,18,41,7,3,10,30.4347826086957,16.6666666666667,24.390243902439
"168","AREA # 080302","Minhla",34,23,57,14,4,18,41.1764705882353,17.3913043478261,31.5789473684211
"169","AREA # 080303","Mindon",18,5,23,5,1,6,27.7777777777778,20,26.0869565217391
"170","AREA # 080304","Kamma",19,24,43,4,7,11,21.0526315789474,29.1666666666667,25.5813953488372
"171","AREA # 080305","Aunglan",66,48,114,23,18,41,34.8484848484849,37.5,35.9649122807018
"172","AREA # 080306","Sinpaungwe`",38,36,74,17,15,32,44.7368421052632,41.6666666666667,43.2432432432432
"173","AREA # 080401","Pakokku",72,68,140,20,26,46,27.7777777777778,38.2352941176471,32.8571428571429
"174","AREA # 080402","Yesagyo",47,37,84,13,10,23,27.6595744680851,27.027027027027,27.3809523809524
"175","AREA # 080403","Myaing",65,76,141,28,23,51,43.0769230769231,30.2631578947368,36.1702127659574
"176","AREA # 080404","Pauk",80,79,159,43,33,76,53.75,41.7721518987342,47.7987421383648
"177","AREA # 080405","Seikphyu",35,19,54,12,6,18,34.2857142857143,31.5789473684211,33.3333333333333
"178","AREA # 080501","Gangaw",30,29,59,8,10,18,26.6666666666667,34.4827586206897,30.5084745762712
"179","AREA # 080502","Htilin",12,11,23,5,8,13,41.6666666666667,72.7272727272727,56.5217391304348
"180","AREA # 080503","Saw",12,12,24,2,5,7,16.6666666666667,41.6666666666667,29.1666666666667
"181","AREA # 080551","Kyaukhtu(ST)",13,13,26,4,6,10,30.7692307692308,46.1538461538462,38.4615384615385
"182","AREA # 090101","Aungmyetharzan",32,28,60,6,5,11,18.75,17.8571428571429,18.3333333333333
"183","AREA # 090102","Chanayeharzan",19,11,30,4,4,8,21.0526315789474,36.3636363636364,26.6666666666667
"184","AREA # 090103","Mahaaungmye",36,20,56,10,4,14,27.7777777777778,20,25
"185","AREA # 090104","Chanmyatharzi",39,38,77,11,5,16,28.2051282051282,13.1578947368421,20.7792207792208
"186","AREA # 090105","Pyigyidagun",39,32,71,8,8,16,20.5128205128205,25,22.5352112676056
"187","AREA # 090106","Amarapura",53,41,94,14,7,21,26.4150943396226,17.0731707317073,22.3404255319149
"188","AREA # 090107","Patheingyi",36,45,81,7,13,20,19.4444444444444,28.8888888888889,24.6913580246914
"189","AREA # 090201","Pyin Oo Lwin",40,29,69,9,7,16,22.5,24.1379310344828,23.1884057971014
"190","AREA # 090202","Madaya",52,55,107,10,15,25,19.2307692307692,27.2727272727273,23.3644859813084
"191","AREA # 090203","Sinku",30,39,69,13,15,28,43.3333333333333,38.4615384615385,40.5797101449275
"192","AREA # 090204","Mogok",30,24,54,11,6,17,36.6666666666667,25,31.4814814814815
"193","AREA # 090205","Thabeikkyin",27,25,52,7,7,14,25.9259259259259,28,26.9230769230769
"194","AREA # 090251","Tagaung",9,8,17,2,2,4,22.2222222222222,25,23.5294117647059
"195","AREA # 090301","Kyaukse",47,51,98,16,11,27,34.0425531914894,21.5686274509804,27.5510204081633
"196","AREA # 090302","Singaing",36,26,62,5,5,10,13.8888888888889,19.2307692307692,16.1290322580645
"197","AREA # 090303","Myitthar",31,27,58,9,2,11,29.0322580645161,7.40740740740741,18.9655172413793
"198","AREA # 090304","Tada U",22,16,38,3,3,6,13.6363636363636,18.75,15.7894736842105
"199","AREA # 090401","Myingyan",71,51,122,16,10,26,22.5352112676056,19.6078431372549,21.3114754098361
"200","AREA # 090402","Taungtha",56,46,102,8,13,21,14.2857142857143,28.2608695652174,20.5882352941176
"201","AREA # 090403","Natogyi",36,24,60,8,2,10,22.2222222222222,8.33333333333333,16.6666666666667
"202","AREA # 090404","Kyaukpadaung",54,48,102,11,10,21,20.3703703703704,20.8333333333333,20.5882352941176
"203","AREA # 090405","Ngazun",25,19,44,4,3,7,16,15.7894736842105,15.9090909090909
"204","AREA # 090501","Nyaung U",29,37,66,12,9,21,41.3793103448276,24.3243243243243,31.8181818181818
"205","AREA # 090551","Ngat",38,33,71,23,21,44,60.5263157894737,63.6363636363636,61.9718309859155
"206","AREA # 090601","Yame`thin",80,68,148,28,23,51,35,33.8235294117647,34.4594594594595
"207","AREA # 090602","Pyawbwe",69,63,132,18,18,36,26.0869565217391,28.5714285714286,27.2727272727273
"208","AREA # 090701","Meiktila",55,58,113,17,12,29,30.9090909090909,20.6896551724138,25.6637168141593
"209","AREA # 090702","MahlYaing",30,24,54,8,9,17,26.6666666666667,37.5,31.4814814814815
"210","AREA # 090703","Thazi",40,46,86,14,7,21,35,15.2173913043478,24.4186046511628
"211","AREA # 090704","Wundwin",45,36,81,15,7,22,33.3333333333333,19.4444444444444,27.1604938271605
"212","AREA # 100101","Mawlamyine",52,46,98,7,8,15,13.4615384615385,17.3913043478261,15.3061224489796
"213","AREA # 100102","Kyaikemaraw",52,46,98,11,14,25,21.1538461538462,30.4347826086957,25.5102040816327
"214","AREA # 100103","Chaungzon",29,25,54,9,5,14,31.0344827586207,20,25.9259259259259
"215","AREA # 100104","Thanbyuzayat",51,44,95,13,8,21,25.4901960784314,18.1818181818182,22.1052631578947
"216","AREA # 100105","Mudon",46,37,83,8,4,12,17.3913043478261,10.8108108108108,14.4578313253012
"217","AREA # 100106","Ye",36,34,70,14,12,26,38.8888888888889,35.2941176470588,37.1428571428571
"218","AREA # 100151","Lamine",20,15,35,6,2,8,30,13.3333333333333,22.8571428571429
"219","AREA # 100152","Khawzar",5,6,11,2,2,4,40,33.3333333333333,36.3636363636364
"220","AREA # 100201","Thaton",76,61,137,22,18,40,28.9473684210526,29.5081967213115,29.1970802919708
"221","AREA # 100202","Paung",48,51,99,10,15,25,20.8333333333333,29.4117647058824,25.2525252525253
"222","AREA # 100203","Kyaikto",61,51,112,19,21,40,31.1475409836066,41.1764705882353,35.7142857142857
"223","AREA # 100204","Bilin",105,122,227,49,47,96,46.6666666666667,38.5245901639344,42.2907488986784
"224","AREA # 110101","Sittway",24,21,45,7,7,14,29.1666666666667,33.3333333333333,31.1111111111111
"225","AREA # 110102","Ponnagyun",26,26,52,7,11,18,26.9230769230769,42.3076923076923,34.6153846153846
"226","AREA # 110103","Pauktaw",28,29,57,12,11,23,42.8571428571429,37.9310344827586,40.3508771929825
"227","AREA # 110104","Yethedaung",50,44,94,21,18,39,42,40.9090909090909,41.4893617021277
"228","AREA # 110201","Myauk U",72,46,118,36,22,58,50,47.8260869565217,49.1525423728814
"229","AREA # 110202","Kyauktaw",49,33,82,17,11,28,34.6938775510204,33.3333333333333,34.1463414634146
"230","AREA # 110203","Minbya",52,43,95,17,16,33,32.6923076923077,37.2093023255814,34.7368421052632
"231","AREA # 110204","Myebon",49,50,99,23,24,47,46.9387755102041,48,47.4747474747475
"232","AREA # 110301","Maungtaw",14,22,36,5,6,11,35.7142857142857,27.2727272727273,30.5555555555556
"233","AREA # 110302","Buthidaung",22,12,34,5,3,8,22.7272727272727,25,23.5294117647059
"234","AREA # 110351","Taungpyoletwe(ST)",1,1,2,1,NA,1,100,NA,50
"235","AREA # 110401","Kyaukpyu",39,35,74,17,21,38,43.5897435897436,60,51.3513513513514
"236","AREA # 110402","Mannaung",18,16,34,6,10,16,33.3333333333333,62.5,47.0588235294118
"237","AREA # 110403","Yanbye",23,17,40,13,9,22,56.5217391304348,52.9411764705882,55
"238","AREA # 110404","An",28,43,71,11,12,23,39.2857142857143,27.906976744186,32.3943661971831
"239","AREA # 110501","Thandwe",21,28,49,2,8,10,9.52380952380952,28.5714285714286,20.4081632653061
"240","AREA # 110502","Toungup",34,23,57,12,11,23,35.2941176470588,47.8260869565217,40.3508771929825
"241","AREA # 110503","Gwa",19,19,38,4,7,11,21.0526315789474,36.8421052631579,28.9473684210526
"242","AREA # 110551","Maei(ST)",11,9,20,4,2,6,36.3636363636364,22.2222222222222,30
"243","AREA # 110552","Kyeintali(ST)",4,11,15,1,5,6,25,45.4545454545455,40
"244","AREA # 120101","Insein",48,48,96,6,14,20,12.5,29.1666666666667,20.8333333333333
"245","AREA # 120102","Mingaladon",59,48,107,9,10,19,15.2542372881356,20.8333333333333,17.7570093457944
"246","AREA # 120103","Hmawby",63,57,120,12,12,24,19.047619047619,21.0526315789474,20
"247","AREA # 120104","Hlegu",58,57,115,15,14,29,25.8620689655172,24.5614035087719,25.2173913043478
"248","AREA # 120105","Taikkyi",75,67,142,18,18,36,24,26.865671641791,25.3521126760563
"249","AREA # 120106","Htantabin",37,28,65,15,9,24,40.5405405405405,32.1428571428571,36.9230769230769
"250","AREA # 120107","Shwepyitha",63,53,116,15,10,25,23.8095238095238,18.8679245283019,21.551724137931
"251","AREA # 120108","Hlinethaya",162,140,302,35,32,67,21.6049382716049,22.8571428571429,22.1854304635762
"252","AREA # 120201","Thingangyun",26,18,44,6,2,8,23.0769230769231,11.1111111111111,18.1818181818182
"253","AREA # 120202","Yankin",12,4,16,2,NA,2,16.6666666666667,NA,12.5
"254","AREA # 120203","South Okkalapa",16,19,35,2,3,5,12.5,15.7894736842105,14.2857142857143
"255","AREA # 120204","North Okkalapa",67,34,101,10,3,13,14.9253731343284,8.82352941176471,12.8712871287129
"256","AREA # 120205","Thakayta",35,27,62,7,6,13,20,22.2222222222222,20.9677419354839
"257","AREA # 120206","Dawbon",16,11,27,3,4,7,18.75,36.3636363636364,25.9259259259259
"258","AREA # 120207","Tamway",15,12,27,4,3,7,26.6666666666667,25,25.9259259259259
"259","AREA # 120208","Pazuntaung",5,3,8,NA,NA,NA,NA,NA,NA
"260","AREA # 120209","Botahtaung",5,4,9,NA,NA,NA,NA,NA,NA
"261","AREA # 120210","Dagon Myothit(South)",66,52,118,16,17,33,24.2424242424242,32.6923076923077,27.9661016949153
"262","AREA # 120211","Dagon Myothit(North)",27,24,51,8,4,12,29.6296296296296,16.6666666666667,23.5294117647059
"263","AREA # 120212","Dagon Myothit(East)",43,36,79,12,9,21,27.906976744186,25,26.5822784810127
"264","AREA # 120213","Dagon Myothit(Seik)",33,30,63,11,8,19,33.3333333333333,26.6666666666667,30.1587301587302
"265","AREA # 120214","Mingala Taungnyunt",21,12,33,5,2,7,23.8095238095238,16.6666666666667,21.2121212121212
"266","AREA # 120301","Thanlyin",48,37,85,9,10,19,18.75,27.027027027027,22.3529411764706
"267","AREA # 120302","Kyauktan",25,25,50,10,6,16,40,24,32
"268","AREA # 120303","Thongwa",47,37,84,10,8,18,21.2765957446809,21.6216216216216,21.4285714285714
"269","AREA # 120304","Khayan",44,35,79,11,12,23,25,34.2857142857143,29.1139240506329
"270","AREA # 120305","Twantay",58,51,109,15,9,24,25.8620689655172,17.6470588235294,22.0183486238532
"271","AREA # 120306","Kawhmu",41,30,71,9,7,16,21.9512195121951,23.3333333333333,22.5352112676056
"272","AREA # 120307","Kungyangon",45,33,78,14,14,28,31.1111111111111,42.4242424242424,35.8974358974359
"273","AREA # 120308","Dala",36,31,67,7,8,15,19.4444444444444,25.8064516129032,22.3880597014925
"274","AREA # 120309","Seikkyi/Khanaungto",13,10,23,3,2,5,23.0769230769231,20,21.7391304347826
"275","AREA # 120310","Cocogyun",NA,NA,NA,NA,NA,NA,NA,NA,NA
"276","AREA # 120351","Tada(ST)",11,11,22,2,2,4,18.1818181818182,18.1818181818182,18.1818181818182
"277","AREA # 120401","Kyauktada",2,1,3,NA,NA,NA,NA,NA,NA
"278","AREA # 120402","Pabedan",1,NA,1,NA,NA,NA,NA,NA,NA
"279","AREA # 120403","Lanmadaw",2,1,3,NA,NA,NA,NA,NA,NA
"280","AREA # 120404","Latha",2,3,5,NA,1,1,NA,33.3333333333333,20
"281","AREA # 120405","Ahlon",7,4,11,2,NA,2,28.5714285714286,NA,18.1818181818182
"282","AREA # 120406","Kyimyindine",19,14,33,3,1,4,15.7894736842105,7.14285714285714,12.1212121212121
"283","AREA # 120407","Sangyoung",5,6,11,NA,NA,NA,NA,NA,NA
"284","AREA # 120408","Hline",14,14,28,3,5,8,21.4285714285714,35.7142857142857,28.5714285714286
"285","AREA # 120409","Kamayut",4,3,7,2,1,3,50,33.3333333333333,42.8571428571429
"286","AREA # 120410","Mayangon",39,26,65,12,5,17,30.7692307692308,19.2307692307692,26.1538461538462
"287","AREA # 120411","Dagon",3,1,4,1,NA,1,33.3333333333333,NA,25
"288","AREA # 120412","Bahan",3,9,12,2,3,5,66.6666666666667,33.3333333333333,41.6666666666667
"289","AREA # 120413","Seikkan",1,1,2,NA,NA,NA,NA,NA,NA
"290","AREA # 130101","Taunggyi",72,56,128,13,13,26,18.0555555555556,23.2142857142857,20.3125
"291","AREA # 130102","Nyaungshwe",63,32,95,22,11,33,34.9206349206349,34.375,34.7368421052632
"292","AREA # 130103","Hopon",24,8,32,8,NA,8,33.3333333333333,NA,25
"293","AREA # 130104","Hsihseng",26,35,61,8,8,16,30.7692307692308,22.8571428571429,26.2295081967213
"294","AREA # 130105","Kalaw",27,32,59,7,11,18,25.9259259259259,34.375,30.5084745762712
"295","AREA # 130106","Pindaya",24,13,37,5,5,10,20.8333333333333,38.4615384615385,27.027027027027
"296","AREA # 130107","Ywarngan",40,20,60,10,10,20,25,50,33.3333333333333
"297","AREA # 130108","Yatsauk",44,39,83,12,16,28,27.2727272727273,41.025641025641,33.7349397590361
"298","AREA # 130109","Pinlaung",25,31,56,8,20,28,32,64.5161290322581,50
"299","AREA # 130110","Phekon",39,22,61,21,10,31,53.8461538461538,45.4545454545455,50.8196721311475
"300","AREA # 130151","Kyauktalongyi(ST)",13,15,28,5,6,11,38.4615384615385,40,39.2857142857143
"301","AREA # 130152","Indaw(ST)",7,14,21,NA,5,5,NA,35.7142857142857,23.8095238095238
"302","AREA # 130153","Naungtayar(ST)",23,24,47,9,5,14,39.1304347826087,20.8333333333333,29.7872340425532
"303","AREA # 130201","Loilem",8,6,14,1,2,3,12.5,33.3333333333333,21.4285714285714
"304","AREA # 130202","Le`char",9,6,15,NA,3,3,NA,50,20
"305","AREA # 130203","Nanhsam(South)",14,7,21,1,NA,1,7.14285714285714,NA,4.76190476190476
"306","AREA # 130204","Kunhing",3,7,10,1,2,3,33.3333333333333,28.5714285714286,30
"307","AREA # 130205","Kehsi",14,7,21,3,1,4,21.4285714285714,14.2857142857143,19.047619047619
"308","AREA # 130206","Mongkai",13,14,27,4,5,9,30.7692307692308,35.7142857142857,33.3333333333333
"309","AREA # 130207","Mineshu",7,6,13,2,1,3,28.5714285714286,16.6666666666667,23.0769230769231
"310","AREA # 130251","Panglong(ST)",12,12,24,3,NA,3,25,NA,12.5
"311","AREA # 130252","Kholan(ST)",5,5,10,1,1,2,20,20,20
"312","AREA # 130253","Karli(ST)",3,NA,3,2,NA,2,66.6666666666667,NA,66.6666666666667
"313","AREA # 130254","Minenaung(ST)",6,5,11,1,1,2,16.6666666666667,20,18.1818181818182
"314","AREA # 130255","Minesan(Monsan)(ST)",4,2,6,1,NA,1,25,NA,16.6666666666667
"315","AREA # 130301","Linkhe`",8,5,13,NA,NA,NA,NA,NA,NA
"316","AREA # 130302","Mone`",12,6,18,1,3,4,8.33333333333333,50,22.2222222222222
"317","AREA # 130303","Maukme`",10,1,11,3,1,4,30,100,36.3636363636364
"318","AREA # 130304","Minepan",6,4,10,1,1,2,16.6666666666667,25,20
"319","AREA # 130351","Homane(ST)",2,2,4,1,NA,1,50,NA,25
"320","AREA # 130352","Kengtaung(ST)",2,2,4,1,1,2,50,50,50
"321","AREA # 130401","Lashio",44,42,86,11,9,20,25,21.4285714285714,23.2558139534884
"322","AREA # 130402","Theinni",14,4,18,2,NA,2,14.2857142857143,NA,11.1111111111111
"323","AREA # 130403","Mineye`",10,13,23,3,1,4,30,7.69230769230769,17.3913043478261
"324","AREA # 130404","Tantyan",29,13,42,9,3,12,31.0344827586207,23.0769230769231,28.5714285714286
"325","AREA # 130501","MuSe",14,12,26,4,5,9,28.5714285714286,41.6666666666667,34.6153846153846
"326","AREA # 130502","Namkham",20,9,29,2,3,5,10,33.3333333333333,17.2413793103448
"327","AREA # 130503","Kukai",9,10,19,4,4,8,44.4444444444444,40,42.1052631578947
"328","AREA # 130551","Monekoe(ST)",4,2,6,2,NA,2,50,NA,33.3333333333333
"329","AREA # 130552","Manhero(ST)",1,NA,1,NA,NA,NA,NA,NA,NA
"330","AREA # 130553","Pansai(KyuKute)(ST)",2,1,3,NA,NA,NA,NA,NA,NA
"331","AREA # 130554","Tamoenye(ST)",17,10,27,4,2,6,23.5294117647059,20,22.2222222222222
"332","AREA # 130601","Kyukme",22,20,42,2,3,5,9.09090909090909,15,11.9047619047619
"333","AREA # 130602","Naungkhio",44,35,79,10,12,22,22.7272727272727,34.2857142857143,27.8481012658228
"334","AREA # 130603","Hsipaw",29,21,50,5,2,7,17.2413793103448,9.52380952380952,14
"335","AREA # 130604","Namtu",9,15,24,3,2,5,33.3333333333333,13.3333333333333,20.8333333333333
"336","AREA # 130605","Namsan(North)",25,14,39,8,4,12,32,28.5714285714286,30.7692307692308
"337","AREA # 130606","Momeik",13,7,20,4,3,7,30.7692307692308,42.8571428571429,35
"338","AREA # 130607","Mabane",8,12,20,4,4,8,50,33.3333333333333,40
"339","AREA # 130608","Manton",14,12,26,6,8,14,42.8571428571429,66.6666666666667,53.8461538461538
"340","AREA # 130651","Minengaw(ST)",1,2,3,NA,NA,NA,NA,NA,NA
"341","AREA # 130652","Minelon(ST)",3,9,12,1,1,2,33.3333333333333,11.1111111111111,16.6666666666667
"342","AREA # 130701","Kunlon",16,5,21,5,1,6,31.25,20,28.5714285714286
"343","AREA # 130801","Laukine",15,15,30,3,3,6,20,20,20
"344","AREA # 130802","Kongyan",5,5,10,1,2,3,20,40,30
"345","AREA # 130851","Chinshwehaw(ST)",2,NA,2,1,NA,1,50,NA,50
"346","AREA # 130852","Mawhtike(ST)",3,1,4,1,NA,1,33.3333333333333,NA,25
"347","AREA # 130901","Hopan",9,11,20,2,1,3,22.2222222222222,9.09090909090909,15
"348","AREA # 130902","Minemaw",7,7,14,2,2,4,28.5714285714286,28.5714285714286,28.5714285714286
"349","AREA # 130903","Panwine",146,139,285,19,15,34,13.013698630137,10.7913669064748,11.9298245614035
"350","AREA # 130952","Panlon(ST)",4,2,6,NA,NA,NA,NA,NA,NA
"351","AREA # 131001","Makman",8,5,13,NA,1,1,NA,20,7.69230769230769
"352","AREA # 131002","Pan San(Pan Kham)",25,17,42,1,NA,1,4,NA,2.38095238095238
"353","AREA # 131003","Naphang",15,19,34,NA,2,2,NA,10.5263157894737,5.88235294117647
"354","AREA # 131051","ManKan(ST)",1,NA,1,1,NA,1,100,NA,100
"355","AREA # 131101","Kengtung",45,25,70,8,2,10,17.7777777777778,8,14.2857142857143
"356","AREA # 131102","Minekat",10,4,14,1,NA,1,10,NA,7.14285714285714
"357","AREA # 131103","Mineyan",5,12,17,NA,1,1,NA,8.33333333333333,5.88235294117647
"358","AREA # 131104","Minelar",3,3,6,1,1,2,33.3333333333333,33.3333333333333,33.3333333333333
"359","AREA # 131151","Mine Pauk(ST)",10,9,19,2,1,3,20,11.1111111111111,15.7894736842105
"360","AREA # 131201","Minesat",27,23,50,5,2,7,18.5185185185185,8.69565217391304,14
"361","AREA # 131202","Minepyin",16,15,31,2,NA,2,12.5,NA,6.45161290322581
"362","AREA # 131203","Minetung",5,4,9,NA,NA,NA,NA,NA,NA
"363","AREA # 131251","Minekoke(ST)",1,4,5,NA,NA,NA,NA,NA,NA
"364","AREA # 131252","Tontar(ST)",7,6,13,1,NA,1,14.2857142857143,NA,7.69230769230769
"365","AREA # 131253","Ponparkyin(ST)",31,11,42,5,6,11,16.1290322580645,54.5454545454545,26.1904761904762
"366","AREA # 131254","Monehta(ST)",3,4,7,1,NA,1,33.3333333333333,NA,14.2857142857143
"367","AREA # 131301","Tachileik",18,17,35,3,1,4,16.6666666666667,5.88235294117647,11.4285714285714
"368","AREA # 131351","Talay(ST)",1,4,5,1,1,2,100,25,40
"369","AREA # 131352","Kenglat(ST)",1,4,5,NA,NA,NA,NA,NA,NA
"370","AREA # 131401","Minephyat",10,7,17,1,NA,1,10,NA,5.88235294117647
"371","AREA # 131402","Mineyaung",5,5,10,2,1,3,40,20,30
"372","AREA # 131451","Mineyu(ST)",20,17,37,4,3,7,20,17.6470588235294,18.9189189189189
"373","AREA # 140101","Kangyidaunt",58,49,107,15,15,30,25.8620689655172,30.6122448979592,28.0373831775701
"374","AREA # 140102","Kyaungon",53,44,97,23,13,36,43.3962264150943,29.5454545454545,37.1134020618557
"375","AREA # 140103","Kyonpyaw",112,75,187,42,35,77,37.5,46.6666666666667,41.1764705882353
"376","AREA # 140104","Ngaputaw",62,60,122,20,18,38,32.258064516129,30,31.1475409836066
"377","AREA # 140105","Pathein",102,75,177,29,24,53,28.4313725490196,32,29.9435028248588
"378","AREA # 140106","Yekyi",37,34,71,17,7,24,45.9459459459459,20.5882352941176,33.8028169014084
"379","AREA # 140107","Thapaung",66,51,117,24,20,44,36.3636363636364,39.2156862745098,37.6068376068376
"380","AREA # 140151","Ngayokaung(ST)",6,8,14,NA,3,3,NA,37.5,21.4285714285714
"381","AREA # 140152","Hainggyikyun(ST)",50,31,81,20,12,32,40,38.7096774193548,39.5061728395062
"382","AREA # 140153","Shwethaungyan(ST)",17,12,29,8,2,10,47.0588235294118,16.6666666666667,34.4827586206897
"383","AREA # 140154","Ngwehsaung(ST)",13,14,27,4,1,5,30.7692307692308,7.14285714285714,18.5185185185185
"384","AREA # 140155","Ngathaingchaung(ST)",27,27,54,13,8,21,48.1481481481481,29.6296296296296,38.8888888888889
"385","AREA # 140201","Kyaiklatt",68,54,122,31,18,49,45.5882352941176,33.3333333333333,40.1639344262295
"386","AREA # 140202","Daydaye",75,66,141,22,22,44,29.3333333333333,33.3333333333333,31.2056737588652
"387","AREA # 140203","Phyapon",71,44,115,33,24,57,46.4788732394366,54.5454545454545,49.5652173913044
"388","AREA # 140204","Bogale",185,150,335,87,58,145,47.027027027027,38.6666666666667,43.2835820895522
"389","AREA # 140251","Ahmar(ST)",86,63,149,44,22,66,51.1627906976744,34.9206349206349,44.2953020134228
"390","AREA # 140301","Nyaungdon",89,56,145,30,20,50,33.7078651685393,35.7142857142857,34.4827586206897
"391","AREA # 140302","Danubyu",60,55,115,20,19,39,33.3333333333333,34.5454545454545,33.9130434782609
"392","AREA # 140303","Pantanaw",100,85,185,41,34,75,41,40,40.5405405405405
"393","AREA # 140304","Maubin",73,89,162,20,22,42,27.3972602739726,24.7191011235955,25.9259259259259
"394","AREA # 140401","Myaungmya",116,81,197,43,28,71,37.0689655172414,34.5679012345679,36.0406091370558
"395","AREA # 140402","Wakema",107,91,198,36,34,70,33.6448598130841,37.3626373626374,35.3535353535354
"396","AREA # 140403","Einme",73,54,127,16,10,26,21.9178082191781,18.5185185185185,20.4724409448819
"397","AREA # 140501","Mawlamyinegyun",216,180,396,105,71,176,48.6111111111111,39.4444444444444,44.4444444444444
"398","AREA # 140502","Labutta",75,87,162,26,31,57,34.6666666666667,35.632183908046,35.1851851851852
"399","AREA # 140551","Pyinsalu(ST)",28,27,55,13,13,26,46.4285714285714,48.1481481481481,47.2727272727273
"400","AREA # 140601","Kyangin",21,17,38,7,5,12,33.3333333333333,29.4117647058824,31.5789473684211
"401","AREA # 140602","Zalun",62,47,109,20,23,43,32.258064516129,48.936170212766,39.4495412844037
"402","AREA # 140603","Myanaung",66,60,126,28,23,51,42.4242424242424,38.3333333333333,40.4761904761905
"403","AREA # 140604","Laymyethna",24,30,54,7,5,12,29.1666666666667,16.6666666666667,22.2222222222222
"404","AREA # 140605","Hinthada",122,98,220,47,29,76,38.5245901639344,29.5918367346939,34.5454545454545
"405","AREA # 140606","Ingapu",98,71,169,36,21,57,36.734693877551,29.5774647887324,33.7278106508876
"406","AREA # 150101","Tatkon",50,35,85,10,10,20,20,28.5714285714286,23.5294117647059
"407","AREA # 150102","Zeyarthiri",26,26,52,6,4,10,23.0769230769231,15.3846153846154,19.2307692307692
"408","AREA # 150103","Ottarathiri",12,15,27,2,3,5,16.6666666666667,20,18.5185185185185
"409","AREA # 150104","Pobbathiri",32,27,59,7,2,9,21.875,7.40740740740741,15.2542372881356
"410","AREA # 150201","Pyinmana",46,54,100,12,14,26,26.0869565217391,25.9259259259259,26
"411","AREA # 150202","Lewe",76,57,133,23,19,42,30.2631578947368,33.3333333333333,31.5789473684211
"412","AREA # 150203","Zabuthiri",17,14,31,3,4,7,17.6470588235294,28.5714285714286,22.5806451612903
"413","AREA # 150204","Dekkhinathiri",5,4,9,NA,1,1,NA,25,11.1111111111111
